,predictions
0,neutral
1,positive
2,neutral
3,neutral
4,neutral
5,positive
6,positive
7,neutral
8,neutral
9,positive
10,neutral
11,neutral
12,neutral
13,positive
14,neutral
15,neutral
16,neutral
17,neutral
18,neutral
19,neutral
20,neutral
21,neutral
22,neutral
23,neutral
24,positive
25,positive
26,neutral
27,neutral
28,neutral
29,neutral
30,neutral
31,neutral
32,positive
33,neutral
34,neutral
35,neutral
36,neutral
37,neutral
38,neutral
39,positive
40,neutral
41,neutral
42,neutral
43,positive
44,neutral
45,neutral
46,neutral
47,neutral
48,neutral
49,positive
50,positive
51,neutral
52,neutral
53,neutral
54,positive
55,neutral
56,neutral
57,positive
58,neutral
59,neutral
60,positive
61,neutral
62,neutral
63,neutral
64,neutral
65,positive
66,neutral
67,neutral
68,neutral
69,neutral
70,neutral
71,neutral
72,positive
73,neutral
74,neutral
75,neutral
76,neutral
77,positive
78,positive
79,neutral
80,neutral
81,neutral
82,positive
83,neutral
84,positive
85,neutral
86,neutral
87,neutral
88,positive
89,neutral
90,neutral
91,positive
92,neutral
93,neutral
94,neutral
95,neutral
96,neutral
97,neutral
98,neutral
99,neutral
100,neutral
101,neutral
102,neutral
103,neutral
104,positive
105,neutral
106,neutral
107,neutral
108,neutral
109,neutral
110,neutral
111,positive
112,neutral
113,neutral
114,neutral
115,neutral
116,positive
117,neutral
118,neutral
119,neutral
120,neutral
121,positive
122,neutral
123,neutral
124,neutral
125,neutral
126,neutral
127,neutral
128,neutral
129,neutral
130,neutral
131,neutral
132,neutral
133,positive
134,neutral
135,neutral
136,neutral
137,neutral
138,neutral
139,neutral
140,neutral
141,neutral
142,neutral
143,neutral
144,neutral
145,neutral
146,neutral
147,positive
148,neutral
149,positive
150,positive
151,positive
152,neutral
153,neutral
154,neutral
155,neutral
156,neutral
157,neutral
158,neutral
159,neutral
160,neutral
161,neutral
162,neutral
163,neutral
164,neutral
165,neutral
166,positive
167,positive
168,neutral
169,positive
170,neutral
171,neutral
172,positive
173,neutral
174,neutral
175,positive
176,positive
177,neutral
178,neutral
179,positive
180,neutral
181,neutral
182,neutral
183,positive
184,neutral
185,neutral
186,neutral
187,neutral
188,neutral
189,positive
190,neutral
191,neutral
192,neutral
193,neutral
194,neutral
195,neutral
196,positive
197,neutral
198,neutral
199,positive
200,neutral
201,neutral
202,neutral
203,neutral
204,neutral
205,neutral
206,neutral
207,neutral
208,neutral
209,neutral
210,neutral
211,positive
212,neutral
213,neutral
214,neutral
215,neutral
216,neutral
217,neutral
218,neutral
219,neutral
220,neutral
221,neutral
222,neutral
223,neutral
224,neutral
225,neutral
226,neutral
227,positive
228,positive
229,neutral
230,neutral
231,neutral
232,neutral
233,neutral
234,neutral
235,neutral
236,neutral
237,neutral
238,neutral
239,neutral
240,neutral
241,positive
242,neutral
243,neutral
244,neutral
245,neutral
246,neutral
247,neutral
248,neutral
249,neutral
250,neutral
251,neutral
252,neutral
253,neutral
254,positive
255,neutral
256,neutral
257,positive
258,positive
259,neutral
260,neutral
261,neutral
262,neutral
263,neutral
264,neutral
265,neutral
266,neutral
267,neutral
268,neutral
269,positive
270,neutral
271,positive
272,neutral
273,neutral
274,neutral
275,neutral
276,neutral
277,neutral
278,neutral
279,neutral
280,neutral
281,neutral
282,positive
283,neutral
284,neutral
285,neutral
286,neutral
287,neutral
288,neutral
289,neutral
290,neutral
291,neutral
292,neutral
293,neutral
294,positive
295,positive
296,neutral
297,neutral
298,neutral
299,positive
300,neutral
301,neutral
302,neutral
303,positive
304,neutral
305,positive
306,positive
307,positive
308,neutral
309,neutral
310,positive
311,neutral
312,neutral
313,neutral
314,neutral
315,neutral
316,neutral
317,neutral
318,neutral
319,neutral
320,positive
321,neutral
322,neutral
323,neutral
324,positive
325,neutral
326,neutral
327,neutral
328,neutral
329,neutral
330,neutral
331,neutral
332,neutral
333,neutral
334,neutral
335,positive
336,neutral
337,positive
338,neutral
339,positive
340,positive
341,neutral
342,neutral
343,neutral
344,neutral
345,neutral
346,neutral
347,neutral
348,positive
349,neutral
350,positive
351,positive
352,neutral
353,neutral
354,neutral
355,neutral
356,neutral
357,neutral
358,neutral
359,neutral
360,positive
361,positive
362,positive
363,neutral
364,positive
365,positive
366,neutral
367,neutral
368,neutral
369,neutral
370,neutral
371,neutral
372,positive
373,neutral
374,neutral
375,neutral
376,neutral
377,neutral
378,neutral
379,neutral
380,neutral
381,neutral
382,neutral
383,neutral
384,positive
385,neutral
386,neutral
387,neutral
388,neutral
389,neutral
390,neutral
391,neutral
392,neutral
393,positive
394,neutral
395,neutral
396,positive
397,neutral
398,positive
399,neutral
400,neutral
401,neutral
402,neutral
403,neutral
404,neutral
405,neutral
406,positive
407,positive
408,neutral
409,neutral
410,positive
411,neutral
412,neutral
413,neutral
414,neutral
415,neutral
416,neutral
417,neutral
418,neutral
419,neutral
420,positive
421,neutral
422,neutral
423,positive
424,neutral
425,neutral
426,neutral
427,neutral
428,neutral
429,neutral
430,neutral
431,positive
432,neutral
433,positive
434,neutral
435,positive
436,positive
437,neutral
438,positive
439,neutral
440,neutral
441,neutral
442,neutral
443,neutral
444,neutral
445,positive
446,neutral
447,positive
448,neutral
449,neutral
450,neutral
451,neutral
452,neutral
453,neutral
454,neutral
455,neutral
456,positive
457,neutral
458,neutral
459,neutral
460,neutral
461,neutral
462,positive
463,neutral
464,neutral
465,neutral
466,neutral
467,neutral
468,neutral
469,neutral
470,neutral
471,neutral
472,neutral
473,neutral
474,neutral
475,neutral
476,neutral
477,neutral
478,positive
479,neutral
480,positive
481,neutral
482,neutral
483,neutral
484,neutral
485,neutral
486,neutral
487,negative
488,neutral
489,neutral
490,neutral
491,neutral
492,neutral
493,neutral
494,neutral
495,neutral
496,positive
497,positive
498,neutral
499,neutral
500,positive
501,neutral
502,neutral
503,neutral
504,neutral
505,neutral
506,positive
507,neutral
508,neutral
509,neutral
510,neutral
511,neutral
512,neutral
513,neutral
514,neutral
515,neutral
516,neutral
517,neutral
518,neutral
519,positive
520,neutral
521,neutral
522,neutral
523,positive
524,neutral
525,positive
526,neutral
527,neutral
528,neutral
529,neutral
530,neutral
531,neutral
532,neutral
533,neutral
534,neutral
535,neutral
536,neutral
537,neutral
538,neutral
539,neutral
540,neutral
541,positive
542,neutral
543,positive
544,positive
545,neutral
546,positive
547,positive
548,neutral
549,neutral
550,neutral
551,neutral
552,neutral
553,positive
554,positive
555,negative
556,neutral
557,neutral
558,neutral
559,neutral
560,neutral
561,neutral
562,neutral
563,neutral
564,positive
565,neutral
566,neutral
567,neutral
568,neutral
569,neutral
570,neutral
571,positive
572,neutral
573,neutral
574,neutral
575,neutral
576,positive
577,neutral
578,neutral
579,positive
580,neutral
581,neutral
582,neutral
583,neutral
584,neutral
585,positive
586,neutral
587,positive
588,neutral
589,neutral
590,neutral
591,neutral
592,positive
593,neutral
594,neutral
595,neutral
596,positive
597,neutral
598,positive
599,neutral
600,neutral
601,neutral
602,neutral
603,neutral
604,neutral
605,neutral
606,neutral
607,neutral
608,neutral
609,positive
610,positive
611,positive
612,positive
613,neutral
614,neutral
615,neutral
616,neutral
617,neutral
618,neutral
619,neutral
620,neutral
621,neutral
622,neutral
623,neutral
624,neutral
625,neutral
626,neutral
627,neutral
628,neutral
629,neutral
630,neutral
631,neutral
632,neutral
633,neutral
634,neutral
635,neutral
636,neutral
637,positive
638,neutral
639,positive
640,neutral
641,positive
642,positive
643,positive
644,neutral
645,neutral
646,neutral
647,neutral
648,neutral
649,neutral
650,neutral
651,positive
652,neutral
653,neutral
654,neutral
655,neutral
656,neutral
657,positive
658,neutral
659,neutral
660,neutral
661,neutral
662,neutral
663,neutral
664,positive
665,neutral
666,neutral
667,positive
668,positive
669,neutral
670,neutral
671,neutral
672,neutral
673,neutral
674,neutral
675,neutral
676,positive
677,positive
678,positive
679,positive
680,neutral
681,neutral
682,positive
683,positive
684,neutral
685,neutral
686,positive
687,neutral
688,positive
689,neutral
690,neutral
691,neutral
692,positive
693,neutral
694,neutral
695,neutral
696,neutral
697,positive
698,neutral
699,neutral
700,neutral
701,neutral
702,neutral
703,positive
704,neutral
705,neutral
706,neutral
707,neutral
708,neutral
709,neutral
710,neutral
711,neutral
712,positive
713,neutral
714,neutral
715,neutral
716,negative
717,neutral
718,neutral
719,neutral
720,neutral
721,neutral
722,neutral
723,neutral
724,neutral
725,positive
726,neutral
727,neutral
728,neutral
729,positive
730,positive
731,neutral
732,positive
733,neutral
734,neutral
735,neutral
736,neutral
737,neutral
738,neutral
739,positive
740,neutral
741,neutral
742,neutral
743,positive
744,neutral
745,positive
746,neutral
747,neutral
748,neutral
749,neutral
750,neutral
751,neutral
752,neutral
753,positive
754,neutral
755,neutral
756,neutral
757,positive
758,neutral
759,neutral
760,neutral
761,positive
762,neutral
763,neutral
764,neutral
765,neutral
766,neutral
767,positive
768,neutral
769,neutral
770,positive
771,neutral
772,neutral
773,neutral
774,positive
775,neutral
776,neutral
777,positive
778,neutral
779,neutral
780,positive
781,neutral
782,neutral
783,neutral
784,neutral
785,neutral
786,neutral
787,neutral
788,neutral
789,neutral
790,neutral
791,neutral
792,neutral
793,neutral
794,neutral
795,neutral
796,neutral
797,neutral
798,neutral
799,neutral
800,positive
801,neutral
802,neutral
803,neutral
804,neutral
805,neutral
806,neutral
807,neutral
808,positive
809,positive
810,positive
811,neutral
812,neutral
813,neutral
814,neutral
815,neutral
816,neutral
817,neutral
818,neutral
819,neutral
820,neutral
821,neutral
822,positive
823,neutral
824,neutral
825,neutral
826,positive
827,neutral
828,neutral
829,neutral
830,neutral
831,positive
832,neutral
833,neutral
834,neutral
835,positive
836,neutral
837,neutral
838,neutral
839,neutral
840,neutral
841,positive
842,neutral
843,positive
844,neutral
845,neutral
846,neutral
847,neutral
848,neutral
849,positive
850,positive
851,neutral
852,neutral
853,neutral
854,neutral
855,neutral
856,neutral
857,positive
858,neutral
859,neutral
860,neutral
861,neutral
862,positive
863,neutral
864,neutral
865,neutral
866,neutral
867,positive
868,neutral
869,neutral
870,negative
871,neutral
872,neutral
873,neutral
874,neutral
875,neutral
876,neutral
877,neutral
878,neutral
879,neutral
880,positive
881,neutral
882,neutral
883,neutral
884,neutral
885,neutral
886,neutral
887,neutral
888,neutral
889,positive
890,neutral
891,neutral
892,neutral
893,positive
894,positive
895,neutral
896,neutral
897,neutral
898,positive
899,neutral
900,neutral
901,neutral
902,neutral
903,neutral
904,neutral
905,neutral
906,neutral
907,positive
908,neutral
909,neutral
910,neutral
911,neutral
912,neutral
913,neutral
914,positive
915,neutral
916,positive
917,neutral
918,neutral
919,positive
920,neutral
921,neutral
922,neutral
923,neutral
924,neutral
925,neutral
926,neutral
927,neutral
928,positive
929,neutral
930,neutral
931,neutral
932,neutral
933,positive
934,neutral
935,positive
936,neutral
937,positive
938,positive
939,neutral
940,neutral
941,neutral
942,neutral
943,positive
944,positive
945,positive
946,neutral
947,neutral
948,neutral
949,positive
950,neutral
951,neutral
952,neutral
953,positive
954,positive
955,positive
956,neutral
957,neutral
958,neutral
959,neutral
960,positive
961,neutral
962,neutral
963,neutral
964,neutral
965,neutral
966,neutral
967,neutral
968,neutral
969,neutral
970,neutral
971,positive
972,neutral
973,neutral
974,neutral
975,neutral
976,neutral
